-- MySQL dump 10.13  Distrib 8.0.19, for Win64 (x86_64)
--
-- Host: 192.168.123.87    Database: develop_dbdave
-- ------------------------------------------------------
-- Server version	5.5.5-10.6.16-MariaDB-0ubuntu0.22.04.1

/*!40101 SET @OLD_CHARACTER_SET_CLIENT=@@CHARACTER_SET_CLIENT */;
/*!40101 SET @OLD_CHARACTER_SET_RESULTS=@@CHARACTER_SET_RESULTS */;
/*!40101 SET @OLD_COLLATION_CONNECTION=@@COLLATION_CONNECTION */;
/*!50503 SET NAMES utf8mb4 */;
/*!40103 SET @OLD_TIME_ZONE=@@TIME_ZONE */;
/*!40103 SET TIME_ZONE='+00:00' */;
/*!40014 SET @OLD_UNIQUE_CHECKS=@@UNIQUE_CHECKS, UNIQUE_CHECKS=0 */;
/*!40014 SET @OLD_FOREIGN_KEY_CHECKS=@@FOREIGN_KEY_CHECKS, FOREIGN_KEY_CHECKS=0 */;
/*!40101 SET @OLD_SQL_MODE=@@SQL_MODE, SQL_MODE='NO_AUTO_VALUE_ON_ZERO' */;
/*!40111 SET @OLD_SQL_NOTES=@@SQL_NOTES, SQL_NOTES=0 */;

--
-- Table structure for table `aha_user`
--

DROP TABLE IF EXISTS `aha_user`;
/*!40101 SET @saved_cs_client     = @@character_set_client */;
/*!50503 SET character_set_client = utf8mb4 */;
CREATE TABLE `aha_user` (
  `id` int(11) NOT NULL AUTO_INCREMENT,
  `username` varchar(100) NOT NULL,
  `password` varchar(100) NOT NULL,
  `email` varchar(100) DEFAULT NULL,
  `phone` varchar(100) DEFAULT NULL,
  `status` int(11) DEFAULT 0,
  `created_by` int(11) DEFAULT NULL,
  `created_at` datetime DEFAULT current_timestamp(),
  `updated_by` int(11) DEFAULT NULL,
  `updated_at` datetime DEFAULT current_timestamp(),
  `is_deleted` int(11) DEFAULT 0,
  `deleted_by` int(11) DEFAULT NULL,
  `deleted_at` datetime DEFAULT NULL,
  PRIMARY KEY (`id`),
  UNIQUE KEY `aha_user_UN` (`username`)
) ENGINE=InnoDB AUTO_INCREMENT=9 DEFAULT CHARSET=utf8mb4 COLLATE=utf8mb4_general_ci;
/*!40101 SET character_set_client = @saved_cs_client */;

--
-- Dumping data for table `aha_user`
--

LOCK TABLES `aha_user` WRITE;
/*!40000 ALTER TABLE `aha_user` DISABLE KEYS */;
INSERT INTO `aha_user` VALUES (1,'amuuser','$2a$10$a3YRWTyVDMqCB0hBVpegruNVcZ8lAtbTbrcaRy7/qRybg5BNfnS7S',NULL,NULL,0,NULL,'2023-03-24 00:47:29',NULL,'2023-03-24 00:47:29',0,NULL,NULL),(2,'amuser','$2a$10$a3YRWTyVDMqCB0hBVpegruNVcZ8lAtbTbrcaRy7/qRybg5BNfnS7S',NULL,NULL,0,1,'2023-03-24 00:47:29',1,'2023-03-24 00:47:29',0,NULL,NULL),(3,'auuser','$2a$10$a3YRWTyVDMqCB0hBVpegruNVcZ8lAtbTbrcaRy7/qRybg5BNfnS7S',NULL,NULL,0,1,'2023-03-24 00:47:29',1,'2023-03-24 00:47:29',0,NULL,NULL),(4,'muuser','$2a$10$a3YRWTyVDMqCB0hBVpegruNVcZ8lAtbTbrcaRy7/qRybg5BNfnS7S',NULL,NULL,0,1,'2023-03-24 00:47:29',1,'2023-03-24 00:47:29',0,NULL,NULL),(5,'auser','$2a$10$a3YRWTyVDMqCB0hBVpegruNVcZ8lAtbTbrcaRy7/qRybg5BNfnS7S',NULL,NULL,0,1,'2023-03-24 00:47:29',1,'2023-03-24 00:47:29',0,NULL,NULL),(6,'muser','$2a$10$a3YRWTyVDMqCB0hBVpegruNVcZ8lAtbTbrcaRy7/qRybg5BNfnS7S',NULL,NULL,0,1,'2023-03-24 00:47:29',1,'2023-03-24 00:47:29',0,NULL,NULL),(7,'uuser','$2a$10$a3YRWTyVDMqCB0hBVpegruNVcZ8lAtbTbrcaRy7/qRybg5BNfnS7S',NULL,NULL,0,1,'2023-03-24 00:47:29',1,'2023-03-24 00:47:29',0,NULL,NULL),(8,'nonuser','$2a$10$a3YRWTyVDMqCB0hBVpegruNVcZ8lAtbTbrcaRy7/qRybg5BNfnS7S',NULL,NULL,0,1,'2023-03-24 00:47:29',1,'2023-03-24 00:47:29',0,NULL,NULL);
/*!40000 ALTER TABLE `aha_user` ENABLE KEYS */;
UNLOCK TABLES;

--
-- Table structure for table `aha_user_image`
--

DROP TABLE IF EXISTS `aha_user_image`;
/*!40101 SET @saved_cs_client     = @@character_set_client */;
/*!50503 SET character_set_client = utf8mb4 */;
CREATE TABLE `aha_user_image` (
  `id` int(11) NOT NULL AUTO_INCREMENT,
  `id_user` int(11) DEFAULT NULL,
  `description` varchar(500) DEFAULT NULL,
  `filename_server` varchar(100) DEFAULT NULL,
  `filename_client` varchar(300) DEFAULT NULL,
  `created_at` datetime DEFAULT current_timestamp(),
  PRIMARY KEY (`id`)
) ENGINE=InnoDB AUTO_INCREMENT=2 DEFAULT CHARSET=utf8mb4 COLLATE=utf8mb4_general_ci;
/*!40101 SET character_set_client = @saved_cs_client */;

--
-- Dumping data for table `aha_user_image`
--

LOCK TABLES `aha_user_image` WRITE;
/*!40000 ALTER TABLE `aha_user_image` DISABLE KEYS */;
INSERT INTO `aha_user_image` VALUES (1,6,NULL,'01eddb85-d63f-1eb8-87c9-04529c92ee69','graffiti.jpg','2023-04-15 09:29:49');
/*!40000 ALTER TABLE `aha_user_image` ENABLE KEYS */;
UNLOCK TABLES;

--
-- Table structure for table `aha_role`
--

DROP TABLE IF EXISTS `aha_role`;
/*!40101 SET @saved_cs_client     = @@character_set_client */;
/*!50503 SET character_set_client = utf8mb4 */;
CREATE TABLE `aha_role` (
  `id` int(11) NOT NULL AUTO_INCREMENT,
  `name` varchar(100) NOT NULL,
  PRIMARY KEY (`id`),
  UNIQUE KEY `aha_role_UN` (`name`)
) ENGINE=InnoDB AUTO_INCREMENT=4 DEFAULT CHARSET=utf8mb4 COLLATE=utf8mb4_general_ci;
/*!40101 SET character_set_client = @saved_cs_client */;

--
-- Dumping data for table `aha_role`
--

LOCK TABLES `aha_role` WRITE;
/*!40000 ALTER TABLE `aha_role` DISABLE KEYS */;
INSERT INTO `aha_role` VALUES (1,'ROLE_ADMIN'),(2,'ROLE_MANAGER'),(3,'ROLE_USER');
/*!40000 ALTER TABLE `aha_role` ENABLE KEYS */;
UNLOCK TABLES;

--
-- Table structure for table `aha_user_role`
--

DROP TABLE IF EXISTS `aha_user_role`;
/*!40101 SET @saved_cs_client     = @@character_set_client */;
/*!50503 SET character_set_client = utf8mb4 */;
CREATE TABLE `aha_user_role` (
  `id` int(11) NOT NULL AUTO_INCREMENT,
  `id_user` int(11) DEFAULT 0,
  `id_role` int(11) DEFAULT 0,
  PRIMARY KEY (`id`)
) ENGINE=InnoDB AUTO_INCREMENT=13 DEFAULT CHARSET=utf8mb4 COLLATE=utf8mb4_general_ci;
/*!40101 SET character_set_client = @saved_cs_client */;

--
-- Dumping data for table `aha_user_role`
--

LOCK TABLES `aha_user_role` WRITE;
/*!40000 ALTER TABLE `aha_user_role` DISABLE KEYS */;
INSERT INTO `aha_user_role` VALUES (1,1,1),(2,1,2),(3,1,3),(4,2,1),(5,2,2),(6,3,1),(7,3,3),(8,4,2),(9,4,3),(10,5,1),(11,6,2),(12,7,3);
/*!40000 ALTER TABLE `aha_user_role` ENABLE KEYS */;
UNLOCK TABLES;

--
-- Table structure for table `aha_sample`
--

DROP TABLE IF EXISTS `aha_sample`;
/*!40101 SET @saved_cs_client     = @@character_set_client */;
/*!50503 SET character_set_client = utf8mb4 */;
CREATE TABLE `aha_sample` (
  `id` int(11) NOT NULL AUTO_INCREMENT,
  `foo` varchar(100) DEFAULT NULL,
  `bar` int(11) DEFAULT NULL,
  `status` int(11) NOT NULL DEFAULT 0 COMMENT '0: OK',
  `is_deleted` int(11) DEFAULT 0,
  `created_by` int(11) DEFAULT NULL,
  `created_at` timestamp(3) NULL DEFAULT current_timestamp(3),
  `updated_by` int(11) DEFAULT NULL,
  `updated_at` timestamp(3) NULL DEFAULT current_timestamp(3),
  `deleted_by` int(11) DEFAULT NULL,
  `deleted_at` timestamp(3) NULL DEFAULT NULL,
  PRIMARY KEY (`id`)
) ENGINE=InnoDB AUTO_INCREMENT=172 DEFAULT CHARSET=utf8mb4 COLLATE=utf8mb4_general_ci;
/*!40101 SET character_set_client = @saved_cs_client */;

--
-- Dumping data for table `aha_sample`
--

LOCK TABLES `aha_sample` WRITE;
/*!40000 ALTER TABLE `aha_sample` DISABLE KEYS */;
INSERT INTO `aha_sample` VALUES (1,'첫째',18,0,0,0,'2024-04-17 00:44:17.000',0,'2024-04-17 00:47:48.000',NULL,NULL),(2,'둘째',18,0,0,0,'2024-04-17 00:44:17.000',0,'2024-04-17 00:47:48.000',NULL,NULL),(3,'셋째',18,0,0,0,'2024-04-17 00:44:17.000',0,'2024-04-17 00:47:48.000',NULL,NULL),(4,'넷째',18,0,0,0,'2024-04-17 00:44:17.000',0,'2024-04-17 00:47:48.000',NULL,NULL),(5,'다섯째',18,0,0,0,'2024-04-17 00:44:17.000',0,'2024-04-17 00:47:48.000',NULL,NULL),(6,'여섯째',19,0,0,0,'2024-04-17 00:44:17.000',0,'2024-04-17 00:47:48.000',NULL,NULL),(7,'일곱째',19,0,0,0,'2024-04-17 00:44:17.000',0,'2024-04-17 00:47:48.000',NULL,NULL),(8,'여덟째',19,0,0,0,'2024-04-17 00:44:17.000',0,'2024-04-17 00:47:48.000',NULL,NULL),(9,'아홉째',19,0,0,0,'2024-04-17 00:44:17.000',0,'2024-04-17 00:47:48.000',NULL,NULL),(10,'열째',19,0,0,0,'2024-04-17 00:44:17.000',0,'2024-04-17 00:47:48.000',NULL,NULL),(11,'하나',20,0,0,0,'2024-04-17 00:44:17.000',0,'2024-04-17 00:47:48.000',NULL,NULL),(12,'둘',20,0,0,0,'2024-04-17 00:44:17.000',0,'2024-04-17 00:47:48.000',NULL,NULL),(13,'셋',20,0,0,0,'2024-04-17 00:44:17.000',0,'2024-04-17 00:47:48.000',NULL,NULL),(14,'넷',20,0,0,0,'2024-04-17 00:44:17.000',0,'2024-04-17 00:47:48.000',NULL,NULL),(15,'다섯',20,0,0,0,'2024-04-17 00:44:17.000',0,'2024-04-17 00:47:48.000',NULL,NULL),(16,'여섯',21,0,0,0,'2024-04-17 00:44:17.000',0,'2024-04-17 00:47:48.000',NULL,NULL),(17,'일곱',21,0,0,0,'2024-04-17 00:44:17.000',0,'2024-04-17 00:47:48.000',NULL,NULL),(18,'여덟',21,0,0,0,'2024-04-17 00:44:17.000',0,'2024-04-17 00:47:48.000',NULL,NULL),(19,'아홉',21,0,0,0,'2024-04-17 00:44:17.000',0,'2024-04-17 00:47:48.000',NULL,NULL),(20,'열',21,0,0,0,'2024-04-17 00:44:17.000',0,'2024-04-17 00:47:48.000',NULL,NULL),(21,'하하',123,0,0,NULL,'2024-04-17 01:11:07.670',NULL,'2024-04-17 01:11:07.670',NULL,NULL),(22,NULL,NULL,0,0,NULL,'2024-04-17 02:53:49.326',NULL,'2024-04-17 02:53:49.326',NULL,NULL),(23,'레스트 서버',117,551,0,NULL,'2024-04-17 02:53:49.326',NULL,'2024-04-17 02:53:49.326',NULL,NULL),(24,'24번이다. bar는 볼펜이다',153,456,0,NULL,'2024-04-17 02:53:49.326',NULL,'2024-04-17 02:53:49.326',NULL,NULL),(25,'레스트 서버',117,0,0,NULL,'2024-04-17 03:00:22.110',NULL,'2024-04-17 03:00:22.110',NULL,NULL),(26,'레스트 Client',117,0,0,NULL,'2024-04-17 03:00:22.110',NULL,'2024-04-17 03:00:22.110',NULL,NULL),(27,'나는 번외다',128,0,0,NULL,'2024-04-17 03:00:22.110',NULL,'2024-04-17 03:00:22.110',NULL,NULL),(99,'나는 번외다',NULL,0,0,NULL,'2024-04-17 06:14:46.575',NULL,'2024-04-17 06:14:46.575',NULL,NULL),(103,'나는 번외다',256,0,0,NULL,'2024-04-17 05:56:22.178',NULL,'2024-04-17 05:56:22.178',NULL,NULL),(104,'나는 번외다',256,0,0,NULL,'2024-04-17 05:56:08.919',NULL,'2024-04-17 05:56:08.919',NULL,NULL),(105,'나는 번외다',256,0,0,NULL,'2024-04-17 05:55:06.967',NULL,'2024-04-17 05:55:06.967',NULL,NULL),(108,'나는 번외다',128,7,0,NULL,'2024-04-17 03:01:04.849',NULL,'2024-04-17 03:01:04.849',NULL,NULL),(110,'PUT으로 생성',777,0,0,NULL,'2024-04-17 06:12:24.977',NULL,'2024-04-17 06:12:24.977',NULL,NULL),(111,'PUT으로 수정',888,0,0,NULL,'2024-04-17 03:57:10.715',NULL,'2024-04-17 03:57:10.715',NULL,NULL),(128,'나는 번외다',256,0,0,NULL,'2024-04-17 03:52:30.344',NULL,'2024-04-17 03:52:30.344',NULL,NULL),(129,'잘되라',333,0,0,NULL,'2024-04-17 05:10:49.734',NULL,'2024-04-17 05:10:49.734',NULL,NULL),(130,'REST 서버',333,0,0,NULL,'2024-04-17 05:10:49.734',NULL,'2024-04-17 05:10:49.734',NULL,NULL),(131,'REST 클라이언트',333,0,0,NULL,'2024-04-17 05:10:49.734',NULL,'2024-04-17 05:10:49.734',NULL,NULL),(132,'잘되라',444,0,0,NULL,'2024-04-17 05:13:44.447',NULL,'2024-04-17 05:13:44.447',NULL,NULL),(133,'잘되라',444,0,0,NULL,'2024-04-17 05:32:50.544',NULL,'2024-04-17 05:32:50.544',NULL,NULL),(134,'잘되라',333,0,0,NULL,'2024-04-17 05:57:51.344',NULL,'2024-04-17 05:57:51.344',NULL,NULL),(135,'REST 서버',333,0,0,NULL,'2024-04-17 05:57:51.344',NULL,'2024-04-17 05:57:51.344',NULL,NULL),(136,'REST 클라이언트',333,0,0,NULL,'2024-04-17 05:57:51.344',NULL,'2024-04-17 05:57:51.344',NULL,NULL),(137,'잘되라',333,0,0,NULL,'2024-04-17 05:57:54.375',NULL,'2024-04-17 05:57:54.375',NULL,NULL),(138,'REST 서버',333,0,0,NULL,'2024-04-17 05:57:54.375',NULL,'2024-04-17 05:57:54.375',NULL,NULL),(139,'REST 클라이언트',333,0,0,NULL,'2024-04-17 05:57:54.375',NULL,'2024-04-17 05:57:54.375',NULL,NULL),(140,'잘되라',333,0,0,NULL,'2024-04-17 05:57:56.809',NULL,'2024-04-17 05:57:56.809',NULL,NULL),(141,NULL,NULL,0,0,NULL,'2024-04-17 05:57:56.809',NULL,'2024-04-17 05:57:56.809',NULL,NULL),(142,'REST 클라이언트',333,0,0,NULL,'2024-04-17 05:57:56.809',NULL,'2024-04-17 05:57:56.809',NULL,NULL),(143,'잘되라',444,0,0,NULL,'2024-04-17 06:10:57.367',NULL,'2024-04-17 06:10:57.367',NULL,NULL),(144,'잘되라',333,7,0,NULL,'2024-04-17 06:11:20.940',NULL,'2024-04-17 06:11:20.940',NULL,NULL),(145,'REST 서버',333,0,0,NULL,'2024-04-17 06:11:20.940',NULL,'2024-04-17 06:11:20.940',NULL,NULL),(146,'REST 클라이언트',333,0,0,NULL,'2024-04-17 06:11:20.940',NULL,'2024-04-17 06:11:20.940',NULL,NULL),(147,NULL,NULL,777,0,NULL,'2024-04-22 01:48:25.046',NULL,'2024-04-22 01:48:25.046',NULL,NULL),(148,'PUT리스트 새로운 한 주 시작',1234,777,0,NULL,'2024-04-22 01:52:18.549',NULL,'2024-04-22 01:52:18.549',NULL,NULL),(149,'새로운 한 주 즐겁고',1234,777,0,NULL,'2024-04-22 01:52:18.549',NULL,'2024-04-22 01:52:18.549',NULL,NULL),(150,'새로운 한 주 보람차게',1234,0,0,NULL,'2024-04-22 01:52:18.549',NULL,'2024-04-22 01:52:18.549',NULL,NULL),(151,'새로운 한 주',1234,777,0,NULL,'2024-04-22 02:24:27.572',NULL,'2024-04-22 02:24:27.572',NULL,NULL),(152,'PUT리스트 새로운 한 주 시작',1234,777,0,NULL,'2024-04-22 02:25:12.911',NULL,'2024-04-22 02:25:12.911',NULL,NULL),(153,'새로운 한 주 즐겁고',1234,7777,0,NULL,'2024-04-22 02:25:12.911',NULL,'2024-04-22 02:25:12.911',NULL,NULL),(154,'새로운 한 주 보람차게',1234,0,0,NULL,'2024-04-22 02:25:12.911',NULL,'2024-04-22 02:25:12.911',NULL,NULL),(155,'PUT으로 새로운 한 주 시작',12345,0,1,NULL,'2024-04-22 05:55:50.908',7,'2024-05-08 01:13:55.096',7,'2024-05-08 01:13:55.096'),(156,NULL,NULL,0,0,NULL,'2024-04-22 05:56:18.919',NULL,'2024-04-22 05:56:18.919',NULL,NULL),(157,'PUT리스트 새로운 한 주 시작',1234,0,0,NULL,'2024-04-22 05:56:18.919',NULL,'2024-04-22 05:56:18.919',NULL,NULL),(158,'새로운 한 주 보람차게',1234,0,0,NULL,'2024-04-22 05:56:18.919',NULL,'2024-04-22 05:56:18.919',NULL,NULL),(159,'새로운 한 주',1234,0,0,NULL,'2024-04-23 07:33:28.123',NULL,'2024-04-23 07:33:28.123',NULL,NULL),(160,'새로운 한 주 시작',1234,0,0,NULL,'2024-04-23 07:33:31.054',NULL,'2024-04-23 07:33:31.054',NULL,NULL),(161,'새로운 한 주 즐겁고',1234,0,0,NULL,'2024-04-23 07:33:31.054',NULL,'2024-04-23 07:33:31.054',NULL,NULL),(162,'새로운 한 주 보람차게',1234,0,0,NULL,'2024-04-23 07:33:31.054',NULL,'2024-04-23 07:33:31.054',NULL,NULL),(163,'새로운 한 주',1234,0,0,NULL,'2024-04-23 07:33:45.145',NULL,'2024-04-23 07:33:45.145',NULL,NULL),(164,'새로운 한 주',1234,0,0,NULL,'2024-04-23 07:33:48.013',NULL,'2024-04-23 07:33:48.013',NULL,NULL),(165,'마쳐가는 주',1234,0,0,NULL,'2024-04-26 00:17:20.958',NULL,'2024-04-26 00:17:20.958',NULL,NULL),(166,'마쳐가는 주',1234,0,0,NULL,'2024-04-26 00:18:30.051',NULL,'2024-04-26 00:18:30.051',NULL,NULL),(167,'새로운 한 주 시작',1234,0,0,NULL,'2024-04-26 00:20:05.938',NULL,'2024-04-26 00:20:05.938',NULL,NULL),(168,'새로운 한 주 즐겁고',1234,0,0,NULL,'2024-04-26 00:20:05.938',NULL,'2024-04-26 00:20:05.938',NULL,NULL),(169,'새로운 한 주 보람차게',1234,0,0,NULL,'2024-04-26 00:20:05.938',NULL,'2024-04-26 00:20:05.938',NULL,NULL),(170,'마쳐가는 주',1234,0,0,NULL,'2024-04-26 00:38:49.527',NULL,'2024-04-26 00:38:49.527',NULL,NULL),(171,'마쳐가는 주',1234,0,0,NULL,'2024-04-26 00:39:47.667',NULL,'2024-04-26 00:39:47.667',NULL,NULL);
/*!40000 ALTER TABLE `aha_sample` ENABLE KEYS */;
UNLOCK TABLES;
/*!40103 SET TIME_ZONE=@OLD_TIME_ZONE */;

/*!40101 SET SQL_MODE=@OLD_SQL_MODE */;
/*!40014 SET FOREIGN_KEY_CHECKS=@OLD_FOREIGN_KEY_CHECKS */;
/*!40014 SET UNIQUE_CHECKS=@OLD_UNIQUE_CHECKS */;
/*!40101 SET CHARACTER_SET_CLIENT=@OLD_CHARACTER_SET_CLIENT */;
/*!40101 SET CHARACTER_SET_RESULTS=@OLD_CHARACTER_SET_RESULTS */;
/*!40101 SET COLLATION_CONNECTION=@OLD_COLLATION_CONNECTION */;
/*!40111 SET SQL_NOTES=@OLD_SQL_NOTES */;

-- Dump completed on 2024-05-10 17:06:10
